A_Series_of_Unfortunate_Events_6.jpg,5,1,315,2,subject
A_Series_of_Unfortunate_Events_6.jpg,5,2,315,5,relation
A_Series_of_Unfortunate_Events_6.jpg,5,5,315,7,object
A_Shared_Dream_1.jpg,5,1,315,3,subject
A_Shared_Dream_1.jpg,5,3,315,4,relation
A_Shared_Dream_1.jpg,5,5,315,20,object
All_Is_Full_of_Love_4.jpg,5,1,315,2,subject
All_Is_Full_of_Love_4.jpg,5,8,315,9,relation
All_Is_Full_of_Love_4.jpg,5,9,315,14,object
Another_Side_of_You_2.jpg,5,0,315,1,subject
Another_Side_of_You_2.jpg,5,1,315,4,relation
Another_Side_of_You_2.jpg,5,8,315,15,object
Artur_Gachinski_3.jpg,5,0,315,1,subject
Artur_Gachinski_3.jpg,5,1,315,2,relation
Artur_Gachinski_3.jpg,5,2,315,7,object
Anne_Gadegaard_2.jpg,5,0,315,1,subject
Anne_Gadegaard_2.jpg,5,5,315,6,relation
Anne_Gadegaard_2.jpg,5,6,315,7,object
Aitzaz_Ahsan_1.jpg,5,17,315,18,subject
Aitzaz_Ahsan_1.jpg,5,25,315,28,relation
Aitzaz_Ahsan_1.jpg,5,30,315,31,object
Arthur_Maria_Rabenalt_1.jpg,5,0,315,3,subject
Arthur_Maria_Rabenalt_1.jpg,5,9,315,10,relation
Arthur_Maria_Rabenalt_1.jpg,5,12,315,14,object
Angelika_Kallio_1.jpg,5,1,315,2,subject
Angelika_Kallio_1.jpg,5,6,315,7,relation
Angelika_Kallio_1.jpg,5,8,315,9,object
Alberts_Kviesis_24.jpg,5,0,315,1,subject
Alberts_Kviesis_24.jpg,5,8,315,10,relation
Alberts_Kviesis_24.jpg,5,10,315,12,object
A_Dreamers_Christmas_1.jpg,5,1,315,3,subject
A_Dreamers_Christmas_1.jpg,5,3,315,4,relation
A_Dreamers_Christmas_1.jpg,5,5,315,6,object
Asiatic-Pacific_Campaign_Medal_4.jpg,5,34,315,38,subject
Asiatic-Pacific_Campaign_Medal_4.jpg,5,38,315,41,relation
Asiatic-Pacific_Campaign_Medal_4.jpg,5,42,315,44,object
Ambareesh_2.jpg,5,4,315,5,subject
Ambareesh_2.jpg,5,3,315,4,relation
Ambareesh_2.jpg,5,42,315,49,object
Arena_Racing_Company_3.jpg,5,0,315,1,subject
Arena_Racing_Company_3.jpg,5,2,315,3,relation
Arena_Racing_Company_3.jpg,5,3,315,7,object
Alvin_Duke_Chandler_5.jpg,5,0,315,3,subject
Alvin_Duke_Chandler_5.jpg,5,13,315,14,relation
Alvin_Duke_Chandler_5.jpg,5,13,315,23,object
A_Man_This_Lonely_3.jpg,5,0,315,1,subject
A_Man_This_Lonely_3.jpg,5,1,315,4,relation
A_Man_This_Lonely_3.jpg,5,8,315,15,object
Amphicallia_1.jpg,5,0,315,1,subject
Amphicallia_1.jpg,5,1,315,2,relation
Amphicallia_1.jpg,5,3,315,9,object
Ali_Bomaye_2.jpg,5,3,315,5,subject
Ali_Bomaye_2.jpg,5,24,315,26,relation
Ali_Bomaye_2.jpg,5,11,315,17,object
Acoustic_guitar_1.jpg,5,1,315,3,subject
Acoustic_guitar_1.jpg,5,3,315,5,relation
Acoustic_guitar_1.jpg,5,7,315,8,object
Amigos_x_siempre_6.jpg,5,0,315,1,subject
Amigos_x_siempre_6.jpg,5,2,315,3,relation
Amigos_x_siempre_6.jpg,5,5,315,7,object
A_Dreamers_Christmas_2.jpg,5,0,315,1,subject
A_Dreamers_Christmas_2.jpg,5,7,315,9,relation
A_Dreamers_Christmas_2.jpg,5,9,315,14,object
Angela_Chang_3.jpg,5,2,315,3,subject
Angela_Chang_3.jpg,5,3,315,5,relation
Angela_Chang_3.jpg,5,6,315,12,object
Alywow_Stakes_1.jpg,5,1,315,3,subject
Alywow_Stakes_1.jpg,5,3,315,4,relation
Alywow_Stakes_1.jpg,5,6,315,16,object
Alberts_Kviesis_13.jpg,5,11,315,12,subject
Alberts_Kviesis_13.jpg,5,12,315,15,relation
Alberts_Kviesis_13.jpg,5,1,315,9,object
A_Canterbury_Tale_7.jpg,5,1,315,3,subject
A_Canterbury_Tale_7.jpg,5,3,315,4,relation
A_Canterbury_Tale_7.jpg,5,4,315,6,object
Aleksandr_Bushkov_2.jpg,5,9,315,10,subject
Aleksandr_Bushkov_2.jpg,5,10,315,11,relation
Aleksandr_Bushkov_2.jpg,5,10,315,17,object
Absolute_Xtreme_1.jpg,5,1,315,2,subject
Absolute_Xtreme_1.jpg,5,2,315,3,relation
Absolute_Xtreme_1.jpg,5,4,315,8,object
Acid_Witch_5.jpg,5,3,315,4,subject
Acid_Witch_5.jpg,5,4,315,5,relation
Acid_Witch_5.jpg,5,9,315,15,object
Air_Mobility_Command_2.jpg,5,9,315,10,subject
Air_Mobility_Command_2.jpg,5,16,315,17,relation
Air_Mobility_Command_2.jpg,5,3,315,13,object
Accomac_Virginia_1.jpg,5,0,315,1,subject
Accomac_Virginia_1.jpg,5,1,315,2,relation
Accomac_Virginia_1.jpg,5,3,315,4,object
Alexander_Boikov_1.jpg,5,2,315,3,subject
Alexander_Boikov_1.jpg,5,7,315,8,relation
Alexander_Boikov_1.jpg,5,9,315,10,object
Ardestan_County_4.jpg,5,1,315,2,subject
Ardestan_County_4.jpg,5,2,315,5,relation
Ardestan_County_4.jpg,5,5,315,7,object
Archerfish_1.jpg,5,1,315,2,subject
Archerfish_1.jpg,5,7,315,8,relation
Archerfish_1.jpg,5,10,315,11,object
Alvesta_Municipality_6.jpg,5,2,315,3,subject
Alvesta_Municipality_6.jpg,5,7,315,8,relation
Alvesta_Municipality_6.jpg,5,12,315,14,object
Arthur_Capes_4.jpg,5,0,315,1,subject
Arthur_Capes_4.jpg,5,1,315,3,relation
Arthur_Capes_4.jpg,5,2,315,6,object
Álvaro_Rudolphy_2.jpg,5,17,315,19,subject
Álvaro_Rudolphy_2.jpg,5,17,315,19,relation
Álvaro_Rudolphy_2.jpg,5,33,315,36,object
Asror_Aliqulov_1.jpg,5,8,315,11,subject
Asror_Aliqulov_1.jpg,5,6,315,8,relation
Asror_Aliqulov_1.jpg,5,13,315,16,object
Adam_Gardner_1.jpg,5,2,315,3,subject
Adam_Gardner_1.jpg,5,7,315,8,relation
Adam_Gardner_1.jpg,5,9,315,10,object
Atakora_Department_10.jpg,5,1,315,2,subject
Atakora_Department_10.jpg,5,11,315,13,relation
Atakora_Department_10.jpg,5,6,315,9,object
Aiden_Jude_2.jpg,5,1,315,3,subject
Aiden_Jude_2.jpg,5,3,315,5,relation
Aiden_Jude_2.jpg,5,37,315,39,object
Anthony_Heald_2.jpg,5,0,315,1,subject
Anthony_Heald_2.jpg,5,1,315,3,relation
Anthony_Heald_2.jpg,5,5,315,13,object
Algerian_War_2.jpg,5,4,315,5,subject
Algerian_War_2.jpg,5,5,315,6,relation
Algerian_War_2.jpg,5,7,315,9,object
Asfalt_Records_7.jpg,5,3,315,4,subject
Asfalt_Records_7.jpg,5,4,315,8,relation
Asfalt_Records_7.jpg,5,1,315,3,object
Aretha_Franklin_15.jpg,5,0,315,1,subject
Aretha_Franklin_15.jpg,5,24,315,25,relation
Aretha_Franklin_15.jpg,5,3,315,5,object
Alih_Jey_16.jpg,5,4,315,5,subject
Alih_Jey_16.jpg,5,25,315,27,relation
Alih_Jey_16.jpg,5,6,315,11,object
Actinella_1.jpg,5,0,315,1,subject
Actinella_1.jpg,5,1,315,2,relation
Actinella_1.jpg,5,3,315,4,object
Alfred_Gies_7.jpg,5,0,315,1,subject
Alfred_Gies_7.jpg,5,1,315,5,relation
Alfred_Gies_7.jpg,5,9,315,11,object
Adrian_Mutu_8.jpg,5,0,315,1,subject
Adrian_Mutu_8.jpg,5,12,315,14,relation
Adrian_Mutu_8.jpg,5,18,315,20,object
Ambareesh_9.jpg,5,8,315,9,subject
Ambareesh_9.jpg,5,1,315,3,relation
Ambareesh_9.jpg,5,4,315,8,object
Anabarilius_1.jpg,5,0,315,1,subject
Anabarilius_1.jpg,5,1,315,4,relation
Anabarilius_1.jpg,5,5,315,7,object
Autumn_Records_3.jpg,5,0,315,2,subject
Autumn_Records_3.jpg,5,11,315,12,relation
Autumn_Records_3.jpg,5,13,315,15,object
Apocryptes_bato_2.jpg,5,1,315,2,subject
Apocryptes_bato_2.jpg,5,2,315,4,relation
Apocryptes_bato_2.jpg,5,5,315,6,object
Ainda_É_Cedo_2.jpg,5,0,315,1,subject
Ainda_É_Cedo_2.jpg,5,1,315,4,relation
Ainda_É_Cedo_2.jpg,5,4,315,7,object
Alphas_4.jpg,5,0,315,1,subject
Alphas_4.jpg,5,1,315,3,relation
Alphas_4.jpg,5,3,315,6,object
Ashley_Tisdale_21.jpg,5,0,315,1,subject
Ashley_Tisdale_21.jpg,5,1,315,2,relation
Ashley_Tisdale_21.jpg,5,2,315,6,object
Alan_Blinder_5.jpg,5,0,315,1,subject
Alan_Blinder_5.jpg,5,1,315,2,relation
Alan_Blinder_5.jpg,5,4,315,5,object
Alih_Jey_17.jpg,5,3,315,4,subject
Alih_Jey_17.jpg,5,4,315,5,relation
Alih_Jey_17.jpg,5,6,315,13,object
Ari_Berk_1.jpg,5,0,315,2,subject
Ari_Berk_1.jpg,5,2,315,3,relation
Ari_Berk_1.jpg,5,5,315,6,object
Adrián_Caetano_1.jpg,5,0,315,3,subject
Adrián_Caetano_1.jpg,5,8,315,9,relation
Adrián_Caetano_1.jpg,5,10,315,13,object
Australian_Ghost_Story_1.jpg,5,1,315,3,subject
Australian_Ghost_Story_1.jpg,5,3,315,6,relation
Australian_Ghost_Story_1.jpg,5,7,315,9,object
Adnan_Hamad_1.jpg,5,3,315,4,subject
Adnan_Hamad_1.jpg,5,8,315,9,relation
Adnan_Hamad_1.jpg,5,10,315,11,object
Ananas_5.jpg,5,7,315,8,subject
Ananas_5.jpg,5,5,315,6,relation
Ananas_5.jpg,5,8,315,13,object
Anurodh_5.jpg,5,0,315,2,subject
Anurodh_5.jpg,5,0,315,1,relation
Anurodh_5.jpg,5,3,315,4,object
Abhishek_Ray_5.jpg,5,26,315,27,subject
Abhishek_Ray_5.jpg,5,38,315,40,relation
Abhishek_Ray_5.jpg,5,40,315,41,object
Auckland_Airport_9.jpg,5,6,315,8,subject
Auckland_Airport_9.jpg,5,45,315,47,relation
Auckland_Airport_9.jpg,5,28,315,30,object
ACF_Trani_80_15.jpg,5,1,315,2,subject
ACF_Trani_80_15.jpg,5,2,315,3,relation
ACF_Trani_80_15.jpg,5,3,315,9,object
Amitav_Ghosh_1.jpg,5,9,315,10,subject
Amitav_Ghosh_1.jpg,5,19,315,21,relation
Amitav_Ghosh_1.jpg,5,21,315,25,object
Augusta_Lynx_3.jpg,5,1,315,2,subject
Augusta_Lynx_3.jpg,5,7,315,8,relation
Augusta_Lynx_3.jpg,5,8,315,9,object
Alan_Sheehan_2.jpg,5,0,315,1,subject
Alan_Sheehan_2.jpg,5,1,315,3,relation
Alan_Sheehan_2.jpg,5,4,315,5,object
Airspeed_Ltd._2.jpg,5,1,315,3,subject
Airspeed_Ltd._2.jpg,5,3,315,4,relation
Airspeed_Ltd._2.jpg,5,4,315,7,object
Assicurazioni_Generali_4.jpg,5,13,315,14,subject
Assicurazioni_Generali_4.jpg,5,14,315,15,relation
Assicurazioni_Generali_4.jpg,5,15,315,16,object
Alag_Alag_4.jpg,5,2,315,5,subject
Alag_Alag_4.jpg,5,5,315,7,relation
Alag_Alag_4.jpg,5,1,315,2,object
Alan_Chorlton_13.jpg,5,1,315,4,subject
Alan_Chorlton_13.jpg,5,4,315,6,relation
Alan_Chorlton_13.jpg,5,6,315,7,object
Alex_dos_Santos_Gonçalves_1.jpg,5,3,315,4,subject
Alex_dos_Santos_Gonçalves_1.jpg,5,8,315,9,relation
Alex_dos_Santos_Gonçalves_1.jpg,5,11,315,12,object
Alfred_Shout_10.jpg,5,0,315,1,subject
Alfred_Shout_10.jpg,5,5,315,8,relation
Alfred_Shout_10.jpg,5,8,315,9,object
A_Million_Words_a_Million_Dollars_3.jpg,5,1,315,2,subject
A_Million_Words_a_Million_Dollars_3.jpg,5,2,315,3,relation
A_Million_Words_a_Million_Dollars_3.jpg,5,3,315,4,object
Alvesta_Municipality_8.jpg,5,1,315,2,subject
Alvesta_Municipality_8.jpg,5,2,315,3,relation
Alvesta_Municipality_8.jpg,5,3,315,5,object
Amago_Kunihisa_9.jpg,5,0,315,1,subject
Amago_Kunihisa_9.jpg,5,1,315,2,relation
Amago_Kunihisa_9.jpg,5,1,315,6,object
Alberts_Kviesis_19.jpg,5,22,315,23,subject
Alberts_Kviesis_19.jpg,5,27,315,29,relation
Alberts_Kviesis_19.jpg,5,34,315,41,object
Alemannia_Aachen_1.jpg,5,0,315,2,subject
Alemannia_Aachen_1.jpg,5,6,315,7,relation
Alemannia_Aachen_1.jpg,5,2,315,8,object
Alberts_Kviesis_28.jpg,5,5,315,7,subject
Alberts_Kviesis_28.jpg,5,9,315,11,relation
Alberts_Kviesis_28.jpg,5,8,315,9,object
Abdur_Rashid_Kardar_2.jpg,5,0,315,1,subject
Abdur_Rashid_Kardar_2.jpg,5,1,315,2,relation
Abdur_Rashid_Kardar_2.jpg,5,3,315,6,object
Alfred_Shout_9.jpg,5,3,315,4,subject
Alfred_Shout_9.jpg,5,4,315,7,relation
Alfred_Shout_9.jpg,5,8,315,11,object
Alexander_Vraciu_1.jpg,5,0,315,2,subject
Alexander_Vraciu_1.jpg,5,21,315,23,relation
Alexander_Vraciu_1.jpg,5,23,315,25,object
Avenger_of_Antares_5.jpg,5,13,315,14,subject
Avenger_of_Antares_5.jpg,5,16,315,17,relation
Avenger_of_Antares_5.jpg,5,5,315,13,object
Arseny_Zverev_2.jpg,5,0,315,1,subject
Arseny_Zverev_2.jpg,5,1,315,4,relation
Arseny_Zverev_2.jpg,5,7,315,9,object
At_the_End_of_the_Evening_2.jpg,5,1,315,2,subject
At_the_End_of_the_Evening_2.jpg,5,2,315,5,relation
At_the_End_of_the_Evening_2.jpg,5,5,315,8,object
Amigos_x_siempre_4.jpg,5,2,315,5,subject
Amigos_x_siempre_4.jpg,5,5,315,7,relation
Amigos_x_siempre_4.jpg,5,7,315,9,object
Alberts_Kviesis_16.jpg,5,4,315,5,subject
Alberts_Kviesis_16.jpg,5,5,315,8,relation
Alberts_Kviesis_16.jpg,5,10,315,13,object
A_Única_Mulher_4.jpg,5,0,315,1,subject
A_Única_Mulher_4.jpg,5,1,315,4,relation
A_Única_Mulher_4.jpg,5,4,315,5,object
Acapulco_cuerpo_y_alma_1.jpg,5,0,315,1,subject
Acapulco_cuerpo_y_alma_1.jpg,5,5,315,6,relation
Acapulco_cuerpo_y_alma_1.jpg,5,12,315,13,object
Alfred_Gies_6.jpg,5,32,315,33,subject
Alfred_Gies_6.jpg,5,6,315,7,relation
Alfred_Gies_6.jpg,5,33,315,38,object
Avesta_12.jpg,5,2,315,4,subject
Avesta_12.jpg,5,4,315,5,relation
Avesta_12.jpg,5,6,315,7,object
Adriano_Bolzoni_1.jpg,5,0,315,2,subject
Adriano_Bolzoni_1.jpg,5,6,315,7,relation
Adriano_Bolzoni_1.jpg,5,8,315,10,object
Abhishek_Ray_20.jpg,5,0,315,1,subject
Abhishek_Ray_20.jpg,5,1,315,2,relation
Abhishek_Ray_20.jpg,5,2,315,5,object
Anonymity_2.jpg,5,12,315,15,subject
Anonymity_2.jpg,5,4,315,5,relation
Anonymity_2.jpg,5,9,315,11,object
Anselme_Gaëtan_Desmarest_5.jpg,5,0,315,1,subject
Anselme_Gaëtan_Desmarest_5.jpg,5,1,315,2,relation
Anselme_Gaëtan_Desmarest_5.jpg,5,2,315,6,object
Alih_Jey_4.jpg,5,0,315,2,subject
Alih_Jey_4.jpg,5,2,315,4,relation
Alih_Jey_4.jpg,5,5,315,7,object
Atakora_Department_9.jpg,5,1,315,4,subject
Atakora_Department_9.jpg,5,17,315,19,relation
Atakora_Department_9.jpg,5,6,315,7,object
Adia_5.jpg,5,1,315,5,subject
Adia_5.jpg,5,5,315,6,relation
Adia_5.jpg,5,7,315,8,object
Amagertorv_3.jpg,5,2,315,3,subject
Amagertorv_3.jpg,5,3,315,4,relation
Amagertorv_3.jpg,5,6,315,12,object
All_You_Need_Is_Love_2.jpg,5,0,315,1,subject
All_You_Need_Is_Love_2.jpg,5,1,315,4,relation
All_You_Need_Is_Love_2.jpg,5,4,315,6,object
Asiatic-Pacific_Campaign_Medal_13.jpg,5,2,315,4,subject
Asiatic-Pacific_Campaign_Medal_13.jpg,5,4,315,6,relation
Asiatic-Pacific_Campaign_Medal_13.jpg,5,7,315,15,object
Andrei_Peteleu_1.jpg,5,2,315,3,subject
Andrei_Peteleu_1.jpg,5,7,315,8,relation
Andrei_Peteleu_1.jpg,5,10,315,11,object
All_You_Need_Is_Love_16.jpg,5,0,315,1,subject
All_You_Need_Is_Love_16.jpg,5,1,315,4,relation
All_You_Need_Is_Love_16.jpg,5,5,315,6,object
Ashton_Nyte_1.jpg,5,1,315,2,subject
Ashton_Nyte_1.jpg,5,2,315,3,relation
Ashton_Nyte_1.jpg,5,5,315,6,object
ARY_Zauq_7.jpg,5,2,315,4,subject
ARY_Zauq_7.jpg,5,4,315,7,relation
ARY_Zauq_7.jpg,5,10,315,19,object
Anonymity_18.jpg,5,21,315,22,subject
Anonymity_18.jpg,5,40,315,42,relation
Anonymity_18.jpg,5,3,315,10,object
Alfred_Gies_10.jpg,5,54,315,56,subject
Alfred_Gies_10.jpg,5,56,315,58,relation
Alfred_Gies_10.jpg,5,17,315,18,object
Alberts_Kviesis_27.jpg,5,8,315,9,subject
Alberts_Kviesis_27.jpg,5,25,315,27,relation
Alberts_Kviesis_27.jpg,5,26,315,28,object
Ashley_Tisdale_7.jpg,5,1,315,2,subject
Ashley_Tisdale_7.jpg,5,6,315,9,relation
Ashley_Tisdale_7.jpg,5,12,315,17,object
Amorbach_2.jpg,5,5,315,8,subject
Amorbach_2.jpg,5,1,315,3,relation
Amorbach_2.jpg,5,10,315,14,object
Amboise_1.jpg,5,0,315,1,subject
Amboise_1.jpg,5,1,315,4,relation
Amboise_1.jpg,5,8,315,10,object
Arotrophora_2.jpg,5,5,315,6,subject
Arotrophora_2.jpg,5,6,315,7,relation
Arotrophora_2.jpg,5,4,315,6,object
Archer_Allen_Phlegar_5.jpg,5,2,315,3,subject
Archer_Allen_Phlegar_5.jpg,5,3,315,6,relation
Archer_Allen_Phlegar_5.jpg,5,1,315,2,object
Auckland_Airport_3.jpg,5,0,315,1,subject
Auckland_Airport_3.jpg,5,1,315,5,relation
Auckland_Airport_3.jpg,5,9,315,12,object
Argentines_of_European_descent_2.jpg,5,0,315,1,subject
Argentines_of_European_descent_2.jpg,5,1,315,2,relation
Argentines_of_European_descent_2.jpg,5,3,315,4,object
Avesta_15.jpg,5,1,315,2,subject
Avesta_15.jpg,5,6,315,7,relation
Avesta_15.jpg,5,17,315,18,object
Acanthodactylus_erythrurus_3.jpg,5,0,315,3,subject
Acanthodactylus_erythrurus_3.jpg,5,3,315,5,relation
Acanthodactylus_erythrurus_3.jpg,5,6,315,7,object
Antibody_2.jpg,5,1,315,2,subject
Antibody_2.jpg,5,2,315,3,relation
Antibody_2.jpg,5,5,315,6,object
Adolphe_Menjou_2.jpg,5,0,315,2,subject
Adolphe_Menjou_2.jpg,5,2,315,3,relation
Adolphe_Menjou_2.jpg,5,4,315,6,object
Audio_Push_1.jpg,5,0,315,2,subject
Audio_Push_1.jpg,5,2,315,3,relation
Audio_Push_1.jpg,5,4,315,11,object
Assamese_people_2.jpg,5,0,315,1,subject
Assamese_people_2.jpg,5,1,315,2,relation
Assamese_people_2.jpg,5,3,315,6,object
Alyssa_Soebandono_2.jpg,5,0,315,1,subject
Alyssa_Soebandono_2.jpg,5,1,315,5,relation
Alyssa_Soebandono_2.jpg,5,6,315,8,object
Arnold_Lignitz_11.jpg,5,0,315,1,subject
Arnold_Lignitz_11.jpg,5,1,315,3,relation
Arnold_Lignitz_11.jpg,5,4,315,8,object
Another_Way_to_Die_4.jpg,5,0,315,1,subject
Another_Way_to_Die_4.jpg,5,1,315,4,relation
Another_Way_to_Die_4.jpg,5,9,315,14,object
Austrobaileyales_3.jpg,5,1,315,2,subject
Austrobaileyales_3.jpg,5,2,315,4,relation
Austrobaileyales_3.jpg,5,5,315,6,object
Auckland_Airport_5.jpg,5,0,315,1,subject
Auckland_Airport_5.jpg,5,1,315,2,relation
Auckland_Airport_5.jpg,5,2,315,5,object
Anonymity_10.jpg,5,1,315,2,subject
Anonymity_10.jpg,5,8,315,11,relation
Anonymity_10.jpg,5,12,315,13,object
Antonio_Maldonado_3.jpg,5,0,315,1,subject
Antonio_Maldonado_3.jpg,5,1,315,2,relation
Antonio_Maldonado_3.jpg,5,4,315,13,object
Ado_Ekiti_1.jpg,5,0,315,2,subject
Ado_Ekiti_1.jpg,5,2,315,5,relation
Ado_Ekiti_1.jpg,5,6,315,8,object
Aguila_Saleh_Issa_3.jpg,5,8,315,9,subject
Aguila_Saleh_Issa_3.jpg,5,10,315,11,relation
Aguila_Saleh_Issa_3.jpg,5,12,315,14,object
Alfred_Gies_12.jpg,5,1,315,2,subject
Alfred_Gies_12.jpg,5,2,315,3,relation
Alfred_Gies_12.jpg,5,3,315,4,object
Alan_Blinder_4.jpg,5,2,315,3,subject
Alan_Blinder_4.jpg,5,3,315,4,relation
Alan_Blinder_4.jpg,5,3,315,9,object
Acasă_3.jpg,5,18,315,19,subject
Acasă_3.jpg,5,19,315,20,relation
Acasă_3.jpg,5,20,315,21,object
Au_Bonheur_des_Dames_9.jpg,5,0,315,4,subject
Au_Bonheur_des_Dames_9.jpg,5,4,315,8,relation
Au_Bonheur_des_Dames_9.jpg,5,8,315,9,object
Albert_Howard_1.jpg,5,20,315,22,subject
Albert_Howard_1.jpg,5,13,315,15,relation
Albert_Howard_1.jpg,5,24,315,27,object
Ashton_Nyte_4.jpg,5,0,315,1,subject
Ashton_Nyte_4.jpg,5,1,315,2,relation
Ashton_Nyte_4.jpg,5,2,315,10,object
Alizée_9.jpg,5,0,315,1,subject
Alizée_9.jpg,5,1,315,4,relation
Alizée_9.jpg,5,4,315,7,object
Ashley_Judd_6.jpg,5,13,315,14,subject
Ashley_Judd_6.jpg,5,14,315,17,relation
Ashley_Judd_6.jpg,5,27,315,28,object
ATAC_SpA_2.jpg,5,2,315,3,subject
ATAC_SpA_2.jpg,5,4,315,5,relation
ATAC_SpA_2.jpg,5,3,315,5,object
Andy_Johns_2.jpg,5,0,315,2,subject
Andy_Johns_2.jpg,5,0,315,1,relation
Andy_Johns_2.jpg,5,3,315,4,object
Auboranges_1.jpg,5,9,315,10,subject
Auboranges_1.jpg,5,4,315,6,relation
Auboranges_1.jpg,5,14,315,17,object
Antun_Vujić_2.jpg,5,0,315,1,subject
Antun_Vujić_2.jpg,5,1,315,4,relation
Antun_Vujić_2.jpg,5,13,315,21,object
Albert_Salomon_von_Rothschild_1.jpg,5,14,315,15,subject
Albert_Salomon_von_Rothschild_1.jpg,5,27,315,29,relation
Albert_Salomon_von_Rothschild_1.jpg,5,16,315,17,object
Assamese_people_9.jpg,5,0,315,1,subject
Assamese_people_9.jpg,5,3,315,6,relation
Assamese_people_9.jpg,5,8,315,14,object
Arthur_Ranasinghe_8.jpg,5,5,315,6,subject
Arthur_Ranasinghe_8.jpg,5,6,315,7,relation
Arthur_Ranasinghe_8.jpg,5,16,315,19,object
Alejandro_Russo_1.jpg,5,2,315,3,subject
Alejandro_Russo_1.jpg,5,7,315,8,relation
Alejandro_Russo_1.jpg,5,9,315,10,object
Álvaro_Rudolphy_11.jpg,5,0,315,3,subject
Álvaro_Rudolphy_11.jpg,5,0,315,2,relation
Álvaro_Rudolphy_11.jpg,5,5,315,10,object
Arizona_Territory_2.jpg,5,0,315,1,subject
Arizona_Territory_2.jpg,5,1,315,4,relation
Arizona_Territory_2.jpg,5,5,315,15,object
Automobile_layout_2.jpg,5,0,315,1,subject
Automobile_layout_2.jpg,5,1,315,2,relation
Automobile_layout_2.jpg,5,1,315,7,object
Arthur_Ranasinghe_17.jpg,5,0,315,1,subject
Arthur_Ranasinghe_17.jpg,5,1,315,3,relation
Arthur_Ranasinghe_17.jpg,5,4,315,12,object
All_Is_Full_of_Love_5.jpg,5,2,315,3,subject
All_Is_Full_of_Love_5.jpg,5,3,315,4,relation
All_Is_Full_of_Love_5.jpg,5,4,315,5,object
Arthur_Ranasinghe_5.jpg,5,4,315,5,subject
Arthur_Ranasinghe_5.jpg,5,7,315,10,relation
Arthur_Ranasinghe_5.jpg,5,11,315,13,object
Alla_Rakha_2.jpg,5,0,315,1,subject
Alla_Rakha_2.jpg,5,1,315,4,relation
Alla_Rakha_2.jpg,5,6,315,10,object
Arnold_Meri_2.jpg,5,0,315,1,subject
Arnold_Meri_2.jpg,5,1,315,2,relation
Arnold_Meri_2.jpg,5,3,315,4,object
Ari_Berk_11.jpg,5,0,315,1,subject
Ari_Berk_11.jpg,5,2,315,4,relation
Ari_Berk_11.jpg,5,5,315,12,object
Aeolidioidea_1.jpg,5,0,315,1,subject
Aeolidioidea_1.jpg,5,1,315,4,relation
Aeolidioidea_1.jpg,5,5,315,7,object
Arthur_Edward_Moore_4.jpg,5,29,315,32,subject
Arthur_Edward_Moore_4.jpg,5,36,315,38,relation
Arthur_Edward_Moore_4.jpg,5,33,315,34,object
ASF_Andrézieux_1.jpg,5,0,315,4,subject
ASF_Andrézieux_1.jpg,5,4,315,5,relation
ASF_Andrézieux_1.jpg,5,7,315,10,object
Abdul_Haris_Nasution_4.jpg,5,4,315,5,subject
Abdul_Haris_Nasution_4.jpg,5,9,315,10,relation
Abdul_Haris_Nasution_4.jpg,5,10,315,13,object
Acoustic_guitar_6.jpg,5,1,315,2,subject
Acoustic_guitar_6.jpg,5,9,315,10,relation
Acoustic_guitar_6.jpg,5,11,315,12,object
Atsimo-Atsinanana_5.jpg,5,0,315,1,subject
Atsimo-Atsinanana_5.jpg,5,1,315,4,relation
Atsimo-Atsinanana_5.jpg,5,4,315,5,object
Ashley_Tisdale_16.jpg,5,0,315,1,subject
Ashley_Tisdale_16.jpg,5,1,315,2,relation
Ashley_Tisdale_16.jpg,5,3,315,11,object
Alfred_Greim_1.jpg,5,1,315,4,subject
Alfred_Greim_1.jpg,5,15,315,18,relation
Alfred_Greim_1.jpg,5,24,315,28,object
Atari_Games_1.jpg,5,0,315,3,subject
Atari_Games_1.jpg,5,3,315,6,relation
Atari_Games_1.jpg,5,8,315,10,object
ACF_Trani_80_16.jpg,5,15,315,17,subject
ACF_Trani_80_16.jpg,5,14,315,15,relation
ACF_Trani_80_16.jpg,5,17,315,18,object
AgustaWestland_Apache_5.jpg,5,1,315,2,subject
AgustaWestland_Apache_5.jpg,5,2,315,6,relation
AgustaWestland_Apache_5.jpg,5,8,315,12,object
Alliance_for_Cannabis_Therapeutics_1.jpg,5,1,315,2,subject
Alliance_for_Cannabis_Therapeutics_1.jpg,5,4,315,5,relation
Alliance_for_Cannabis_Therapeutics_1.jpg,5,8,315,9,object
Alexandru_Ghika_1.jpg,5,0,315,2,subject
Alexandru_Ghika_1.jpg,5,8,315,9,relation
Alexandru_Ghika_1.jpg,5,11,315,12,object
Agenor_Romuald_Gołuchowski_3.jpg,5,5,315,6,subject
Agenor_Romuald_Gołuchowski_3.jpg,5,9,315,10,relation
Agenor_Romuald_Gołuchowski_3.jpg,5,11,315,14,object
At_the_Gates_of_Darkness_2.jpg,5,10,315,11,subject
At_the_Gates_of_Darkness_2.jpg,5,18,315,19,relation
At_the_Gates_of_Darkness_2.jpg,5,11,315,14,object
All_Your_Life_2.jpg,5,0,315,1,subject
All_Your_Life_2.jpg,5,1,315,4,relation
All_Your_Life_2.jpg,5,8,315,15,object
Alex_Haley_4.jpg,5,4,315,6,subject
Alex_Haley_4.jpg,5,8,315,9,relation
Alex_Haley_4.jpg,5,8,315,9,object
Anna_Cappellini_2.jpg,5,1,315,4,subject
Anna_Cappellini_2.jpg,5,36,315,39,relation
Anna_Cappellini_2.jpg,5,11,315,14,object
A_P_Valentine_3.jpg,5,10,315,11,subject
A_P_Valentine_3.jpg,5,8,315,9,relation
A_P_Valentine_3.jpg,5,1,315,2,object
Alfred_and_Plantagenet_5.jpg,5,0,315,1,subject
Alfred_and_Plantagenet_5.jpg,5,3,315,4,relation
Alfred_and_Plantagenet_5.jpg,5,9,315,11,object
Alexander_Löhr_2.jpg,5,0,315,1,subject
Alexander_Löhr_2.jpg,5,10,315,11,relation
Alexander_Löhr_2.jpg,5,11,315,12,object
Anon_Nanok_2.jpg,5,0,315,1,subject
Anon_Nanok_2.jpg,5,1,315,6,relation
Anon_Nanok_2.jpg,5,7,315,9,object
Austrobaileyales_1.jpg,5,0,315,1,subject
Austrobaileyales_1.jpg,5,1,315,4,relation
Austrobaileyales_1.jpg,5,5,315,18,object
Anonymity_12.jpg,5,0,315,1,subject
Anonymity_12.jpg,5,5,315,6,relation
Anonymity_12.jpg,5,6,315,10,object
Aitzaz_Ahsan_3.jpg,5,0,315,1,subject
Aitzaz_Ahsan_3.jpg,5,1,315,3,relation
Aitzaz_Ahsan_3.jpg,5,10,315,11,object
Alf_Ellison_2.jpg,5,1,315,2,subject
Alf_Ellison_2.jpg,5,2,315,3,relation
Alf_Ellison_2.jpg,5,4,315,5,object
ABRSM_4.jpg,5,1,315,3,subject
ABRSM_4.jpg,5,12,315,15,relation
ABRSM_4.jpg,5,15,315,16,object
Ainsworth_Nebraska_2.jpg,5,1,315,2,subject
Ainsworth_Nebraska_2.jpg,5,2,315,5,relation
Ainsworth_Nebraska_2.jpg,5,6,315,8,object
Automatic_Man_2.jpg,5,0,315,2,subject
Automatic_Man_2.jpg,5,2,315,4,relation
Automatic_Man_2.jpg,5,5,315,8,object
Anarhichadidae_1.jpg,5,1,315,2,subject
Anarhichadidae_1.jpg,5,7,315,10,relation
Anarhichadidae_1.jpg,5,2,315,3,object
Avenger_of_Antares_2.jpg,5,0,315,1,subject
Avenger_of_Antares_2.jpg,5,1,315,2,relation
Avenger_of_Antares_2.jpg,5,3,315,14,object
ʻAkohekohe_15.jpg,5,5,315,6,subject
ʻAkohekohe_15.jpg,5,41,315,43,relation
ʻAkohekohe_15.jpg,5,8,315,11,object
Adam_Hills_4.jpg,5,3,315,4,subject
Adam_Hills_4.jpg,5,0,315,2,relation
Adam_Hills_4.jpg,5,2,315,3,object
Alfons_Luczny_1.jpg,5,1,315,2,subject
Alfons_Luczny_1.jpg,5,8,315,9,relation
Alfons_Luczny_1.jpg,5,10,315,11,object
All_About_Soul_4.jpg,5,1,315,2,subject
All_About_Soul_4.jpg,5,2,315,4,relation
All_About_Soul_4.jpg,5,12,315,14,object
Abraham_Sofaer_10.jpg,5,0,315,1,subject
Abraham_Sofaer_10.jpg,5,2,315,4,relation
Abraham_Sofaer_10.jpg,5,6,315,10,object
Aralioideae_3.jpg,5,1,315,3,subject
Aralioideae_3.jpg,5,3,315,4,relation
Aralioideae_3.jpg,5,5,315,9,object
Arsinée_Khanjian_1.jpg,5,1,315,2,subject
Arsinée_Khanjian_1.jpg,5,12,315,13,relation
Arsinée_Khanjian_1.jpg,5,14,315,15,object
Agyemang_Opoku_1.jpg,5,2,315,3,subject
Agyemang_Opoku_1.jpg,5,12,315,13,relation
Agyemang_Opoku_1.jpg,5,15,315,16,object
Ari_Berk_7.jpg,5,0,315,1,subject
Ari_Berk_7.jpg,5,19,315,22,relation
Ari_Berk_7.jpg,5,24,315,28,object
Aghvan_Papikyan_1.jpg,5,1,315,2,subject
Aghvan_Papikyan_1.jpg,5,10,315,11,relation
Aghvan_Papikyan_1.jpg,5,2,315,3,object
Along_Came_Auntie_1.jpg,5,5,315,8,subject
Along_Came_Auntie_1.jpg,5,9,315,10,relation
Along_Came_Auntie_1.jpg,5,13,315,15,object
Apaaratha_1.jpg,5,3,315,8,subject
Apaaratha_1.jpg,5,15,315,16,relation
Apaaratha_1.jpg,5,17,315,18,object
Abhishek_Ray_6.jpg,5,1,315,2,subject
Abhishek_Ray_6.jpg,5,2,315,3,relation
Abhishek_Ray_6.jpg,5,1,315,7,object
Alberts_Kviesis_17.jpg,5,4,315,8,subject
Alberts_Kviesis_17.jpg,5,8,315,9,relation
Alberts_Kviesis_17.jpg,5,10,315,12,object
Alvesta_Municipality_2.jpg,5,0,315,2,subject
Alvesta_Municipality_2.jpg,5,2,315,4,relation
Alvesta_Municipality_2.jpg,5,4,315,5,object
Ariana_Richards_1.jpg,5,2,315,3,subject
Ariana_Richards_1.jpg,5,7,315,8,relation
Ariana_Richards_1.jpg,5,9,315,10,object
Acid_Witch_2.jpg,5,0,315,1,subject
Acid_Witch_2.jpg,5,1,315,2,relation
Acid_Witch_2.jpg,5,2,315,5,object
Alfred_Shout_11.jpg,5,0,315,1,subject
Alfred_Shout_11.jpg,5,1,315,2,relation
Alfred_Shout_11.jpg,5,10,315,13,object
Ardingly_4.jpg,5,5,315,6,subject
Ardingly_4.jpg,5,6,315,10,relation
Ardingly_4.jpg,5,8,315,12,object
Arthur_Edward_Moore_2.jpg,5,0,315,1,subject
Arthur_Edward_Moore_2.jpg,5,1,315,4,relation
Arthur_Edward_Moore_2.jpg,5,12,315,15,object
Alain_Poher_3.jpg,5,0,315,1,subject
Alain_Poher_3.jpg,5,1,315,4,relation
Alain_Poher_3.jpg,5,7,315,14,object
Abacab_2.jpg,5,1,315,4,subject
Abacab_2.jpg,5,29,315,31,relation
Abacab_2.jpg,5,5,315,10,object
Acineta_11.jpg,5,5,315,7,subject
Acineta_11.jpg,5,10,315,12,relation
Acineta_11.jpg,5,13,315,14,object
Anne_Mäkinen_9.jpg,5,6,315,10,subject
Anne_Mäkinen_9.jpg,5,3,315,4,relation
Anne_Mäkinen_9.jpg,5,4,315,6,object
Anne_Mäkinen_3.jpg,5,10,315,13,subject
Anne_Mäkinen_3.jpg,5,22,315,24,relation
Anne_Mäkinen_3.jpg,5,14,315,21,object
A_Dangerous_Life_3.jpg,5,16,315,17,subject
A_Dangerous_Life_3.jpg,5,45,315,48,relation
A_Dangerous_Life_3.jpg,5,6,315,7,object
Aitraaz_1.jpg,5,0,315,1,subject
Aitraaz_1.jpg,5,2,315,3,relation
Aitraaz_1.jpg,5,7,315,8,object
Alberts_Kviesis_2.jpg,5,8,315,9,subject
Alberts_Kviesis_2.jpg,5,10,315,13,relation
Alberts_Kviesis_2.jpg,5,21,315,25,object
Adam_Gardner_2.jpg,5,0,315,1,subject
Adam_Gardner_2.jpg,5,1,315,3,relation
Adam_Gardner_2.jpg,5,4,315,5,object
Ashley_Tisdale_22.jpg,5,2,315,3,subject
Ashley_Tisdale_22.jpg,5,3,315,5,relation
Ashley_Tisdale_22.jpg,5,1,315,2,object
Akira_Kurosawa_1.jpg,5,0,315,2,subject
Akira_Kurosawa_1.jpg,5,13,315,14,relation
Akira_Kurosawa_1.jpg,5,16,315,18,object
Air_Regional_2.jpg,5,0,315,1,subject
Air_Regional_2.jpg,5,1,315,6,relation
Air_Regional_2.jpg,5,14,315,23,object
Ado_Ekiti_6.jpg,5,0,315,1,subject
Ado_Ekiti_6.jpg,5,1,315,2,relation
Ado_Ekiti_6.jpg,5,2,315,4,object
Acharya_Nagarjuna_University_3.jpg,5,0,315,1,subject
Acharya_Nagarjuna_University_3.jpg,5,1,315,4,relation
Acharya_Nagarjuna_University_3.jpg,5,4,315,6,object
Armagnac–Burgundian_Civil_War_2.jpg,5,0,315,1,subject
Armagnac–Burgundian_Civil_War_2.jpg,5,14,315,16,relation
Armagnac–Burgundian_Civil_War_2.jpg,5,17,315,21,object
Alex_Haley_1.jpg,5,0,315,4,subject
Alex_Haley_1.jpg,5,16,315,18,relation
Alex_Haley_1.jpg,5,19,315,22,object
Acharya_Nagarjuna_University_6.jpg,5,5,315,7,subject
Acharya_Nagarjuna_University_6.jpg,5,8,315,10,relation
Acharya_Nagarjuna_University_6.jpg,5,11,315,13,object
Alan_Sheehan_1.jpg,5,3,315,4,subject
Alan_Sheehan_1.jpg,5,8,315,9,relation
Alan_Sheehan_1.jpg,5,10,315,11,object
ABRSM_3.jpg,5,1,315,3,subject
ABRSM_3.jpg,5,14,315,16,relation
ABRSM_3.jpg,5,16,315,17,object
Alvesta_Municipality_10.jpg,5,4,315,5,subject
Alvesta_Municipality_10.jpg,5,5,315,7,relation
Alvesta_Municipality_10.jpg,5,8,315,9,object
Alstom_7.jpg,5,26,315,29,subject
Alstom_7.jpg,5,28,315,31,relation
Alstom_7.jpg,5,1,315,16,object
Alstom_5.jpg,5,4,315,8,subject
Alstom_5.jpg,5,20,315,22,relation
Alstom_5.jpg,5,9,315,10,object
Acorán_Barrera_Reyes_1.jpg,5,32,315,36,subject
Acorán_Barrera_Reyes_1.jpg,5,4,315,7,relation
Acorán_Barrera_Reyes_1.jpg,5,21,315,30,object
Alex_Wolff_4.jpg,5,23,315,24,subject
Alex_Wolff_4.jpg,5,24,315,25,relation
Alex_Wolff_4.jpg,5,26,315,29,object
Andrew_Kosove_3.jpg,5,6,315,7,subject
Andrew_Kosove_3.jpg,5,1,315,2,relation
Andrew_Kosove_3.jpg,5,9,315,10,object
Arthur_Jensen_2.jpg,5,0,315,1,subject
Arthur_Jensen_2.jpg,5,1,315,2,relation
Arthur_Jensen_2.jpg,5,3,315,10,object
Antão_Martins_Homem_1.jpg,5,6,315,8,subject
Antão_Martins_Homem_1.jpg,5,9,315,11,relation
Antão_Martins_Homem_1.jpg,5,11,315,12,object
Augusta_Lynx_2.jpg,5,1,315,2,subject
Augusta_Lynx_2.jpg,5,2,315,3,relation
Augusta_Lynx_2.jpg,5,3,315,6,object
Arsinée_Khanjian_4.jpg,5,0,315,1,subject
Arsinée_Khanjian_4.jpg,5,1,315,2,relation
Arsinée_Khanjian_4.jpg,5,2,315,3,object
Arik_Yanko_1.jpg,5,1,315,2,subject
Arik_Yanko_1.jpg,5,8,315,9,relation
Arik_Yanko_1.jpg,5,11,315,12,object
Alan_McNicoll_12.jpg,5,0,315,1,subject
Alan_McNicoll_12.jpg,5,1,315,4,relation
Alan_McNicoll_12.jpg,5,10,315,15,object
Aitzaz_Ahsan_10.jpg,5,0,315,1,subject
Aitzaz_Ahsan_10.jpg,5,1,315,4,relation
Aitzaz_Ahsan_10.jpg,5,7,315,8,object
Au_Bonheur_des_Dames_1.jpg,5,0,315,4,subject
Au_Bonheur_des_Dames_1.jpg,5,15,315,19,relation
Au_Bonheur_des_Dames_1.jpg,5,24,315,26,object
Assicurazioni_Generali_5.jpg,5,3,315,4,subject
Assicurazioni_Generali_5.jpg,5,4,315,5,relation
Assicurazioni_Generali_5.jpg,5,8,315,10,object
Anne_of_the_Indies_3.jpg,5,4,315,5,subject
Anne_of_the_Indies_3.jpg,5,7,315,9,relation
Anne_of_the_Indies_3.jpg,5,9,315,11,object
Angelo_Domenghini_1.jpg,5,1,315,2,subject
Angelo_Domenghini_1.jpg,5,10,315,11,relation
Angelo_Domenghini_1.jpg,5,2,315,3,object
Apidae_3.jpg,5,0,315,1,subject
Apidae_3.jpg,5,1,315,4,relation
Apidae_3.jpg,5,6,315,7,object
Ali_Diab_1.jpg,5,4,315,7,subject
Ali_Diab_1.jpg,5,14,315,15,relation
Ali_Diab_1.jpg,5,16,315,20,object
Ajuda_National_Palace_2.jpg,5,3,315,4,subject
Ajuda_National_Palace_2.jpg,5,22,315,23,relation
Ajuda_National_Palace_2.jpg,5,23,315,25,object
Alex_Sharpe_1.jpg,5,8,315,11,subject
Alex_Sharpe_1.jpg,5,13,315,16,relation
Alex_Sharpe_1.jpg,5,16,315,18,object
Ardingly_1.jpg,5,1,315,2,subject
Ardingly_1.jpg,5,2,315,3,relation
Ardingly_1.jpg,5,4,315,5,object
Alywow_Stakes_2.jpg,5,6,315,8,subject
Alywow_Stakes_2.jpg,5,8,315,9,relation
Alywow_Stakes_2.jpg,5,9,315,10,object
Audi_S5_2.jpg,5,0,315,1,subject
Audi_S5_2.jpg,5,1,315,2,relation
Audi_S5_2.jpg,5,4,315,5,object
Anderson_Francisco_Nunes_1.jpg,5,25,315,29,subject
Anderson_Francisco_Nunes_1.jpg,5,2,315,5,relation
Anderson_Francisco_Nunes_1.jpg,5,19,315,22,object
Arman_Ghasemi_1.jpg,5,1,315,2,subject
Arman_Ghasemi_1.jpg,5,8,315,9,relation
Arman_Ghasemi_1.jpg,5,10,315,11,object
Akseki_1.jpg,5,0,315,1,subject
Akseki_1.jpg,5,1,315,4,relation
Akseki_1.jpg,5,11,315,15,object
Ashley_Tisdale_4.jpg,5,5,315,6,subject
Ashley_Tisdale_4.jpg,5,6,315,8,relation
Ashley_Tisdale_4.jpg,5,8,315,10,object
Alphonso_Taft_1.jpg,5,11,315,12,subject
Alphonso_Taft_1.jpg,5,15,315,17,relation
Alphonso_Taft_1.jpg,5,21,315,25,object
Ananas_1.jpg,5,24,315,26,subject
Ananas_1.jpg,5,30,315,33,relation
Ananas_1.jpg,5,38,315,40,object
Alessandro_Alessandrì_1.jpg,5,0,315,1,subject
Alessandro_Alessandrì_1.jpg,5,6,315,7,relation
Alessandro_Alessandrì_1.jpg,5,8,315,9,object
Abraham_Sofaer_3.jpg,5,0,315,1,subject
Abraham_Sofaer_3.jpg,5,1,315,4,relation
Abraham_Sofaer_3.jpg,5,7,315,8,object
Audio_Push_2.jpg,5,1,315,2,subject
Audio_Push_2.jpg,5,2,315,4,relation
Audio_Push_2.jpg,5,4,315,5,object
Ardingly_2.jpg,5,1,315,2,subject
Ardingly_2.jpg,5,2,315,5,relation
Ardingly_2.jpg,5,14,315,18,object
Adam_Varadi_1.jpg,5,1,315,2,subject
Adam_Varadi_1.jpg,5,6,315,7,relation
Adam_Varadi_1.jpg,5,8,315,9,object
A_Única_Mulher_11.jpg,5,0,315,1,subject
A_Única_Mulher_11.jpg,5,1,315,5,relation
A_Única_Mulher_11.jpg,5,6,315,9,object
Antibody_31.jpg,5,1,315,2,subject
Antibody_31.jpg,5,9,315,10,relation
Antibody_31.jpg,5,11,315,13,object
A_Nightmare_on_My_Street_3.jpg,5,1,315,2,subject
A_Nightmare_on_My_Street_3.jpg,5,2,315,3,relation
A_Nightmare_on_My_Street_3.jpg,5,3,315,9,object
Arthur_Ranasinghe_7.jpg,5,2,315,3,subject
Arthur_Ranasinghe_7.jpg,5,3,315,6,relation
Arthur_Ranasinghe_7.jpg,5,6,315,9,object
Arnold_Meri_1.jpg,5,0,315,2,subject
Arnold_Meri_1.jpg,5,8,315,9,relation
Arnold_Meri_1.jpg,5,12,315,14,object
Alphonso_Taft_6.jpg,5,0,315,1,subject
Alphonso_Taft_6.jpg,5,7,315,10,relation
Alphonso_Taft_6.jpg,5,14,315,15,object
Alih_Jey_6.jpg,5,2,315,3,subject
Alih_Jey_6.jpg,5,3,315,4,relation
Alih_Jey_6.jpg,5,13,315,23,object
Anindya_Chatterjee_2.jpg,5,0,315,1,subject
Anindya_Chatterjee_2.jpg,5,1,315,4,relation
Anindya_Chatterjee_2.jpg,5,5,315,8,object
Antibody_12.jpg,5,0,315,1,subject
Antibody_12.jpg,5,1,315,2,relation
Antibody_12.jpg,5,2,315,3,object
American_bullfrog_2.jpg,5,6,315,7,subject
American_bullfrog_2.jpg,5,17,315,19,relation
American_bullfrog_2.jpg,5,19,315,20,object
Andrew!!!_5.jpg,5,1,315,2,subject
Andrew!!!_5.jpg,5,2,315,3,relation
Andrew!!!_5.jpg,5,3,315,4,object
Atakora_Department_5.jpg,5,1,315,2,subject
Atakora_Department_5.jpg,5,5,315,6,relation
Atakora_Department_5.jpg,5,6,315,7,object
Alessandro_Poglietti_3.jpg,5,0,315,1,subject
Alessandro_Poglietti_3.jpg,5,1,315,4,relation
Alessandro_Poglietti_3.jpg,5,11,315,12,object
Alfred_and_Plantagenet_3.jpg,5,1,315,2,subject
Alfred_and_Plantagenet_3.jpg,5,2,315,5,relation
Alfred_and_Plantagenet_3.jpg,5,10,315,14,object
Atakora_Department_6.jpg,5,5,315,6,subject
Atakora_Department_6.jpg,5,9,315,10,relation
Atakora_Department_6.jpg,5,17,315,24,object
Ali_Diab_2.jpg,5,0,315,1,subject
Ali_Diab_2.jpg,5,1,315,4,relation
Ali_Diab_2.jpg,5,4,315,5,object
Andrew_Querbes_1.jpg,5,0,315,3,subject
Andrew_Querbes_1.jpg,5,10,315,11,relation
Andrew_Querbes_1.jpg,5,12,315,13,object
Audax_Italiano_6.jpg,5,3,315,4,subject
Audax_Italiano_6.jpg,5,4,315,5,relation
Audax_Italiano_6.jpg,5,5,315,7,object
Alex_Van_Halen_5.jpg,5,1,315,3,subject
Alex_Van_Halen_5.jpg,5,3,315,7,relation
Alex_Van_Halen_5.jpg,5,8,315,10,object
Acineta_8.jpg,5,1,315,2,subject
Acineta_8.jpg,5,2,315,3,relation
Acineta_8.jpg,5,3,315,4,object
Alizée_20.jpg,5,10,315,12,subject
Alizée_20.jpg,5,13,315,15,relation
Alizée_20.jpg,5,14,315,17,object
Arsinée_Khanjian_5.jpg,5,8,315,9,subject
Arsinée_Khanjian_5.jpg,5,9,315,10,relation
Arsinée_Khanjian_5.jpg,5,10,315,11,object
Ali_Vâsib_2.jpg,5,7,315,8,subject
Ali_Vâsib_2.jpg,5,8,315,12,relation
Ali_Vâsib_2.jpg,5,14,315,18,object
Angústias_4.jpg,5,6,315,7,subject
Angústias_4.jpg,5,7,315,8,relation
Angústias_4.jpg,5,25,315,38,object
Acoustic_guitar_8.jpg,5,1,315,2,subject
Acoustic_guitar_8.jpg,5,2,315,3,relation
Acoustic_guitar_8.jpg,5,4,315,6,object
Antibody_5.jpg,5,5,315,6,subject
Antibody_5.jpg,5,16,315,17,relation
Antibody_5.jpg,5,17,315,18,object
Álvaro_Rudolphy_8.jpg,5,7,315,10,subject
Álvaro_Rudolphy_8.jpg,5,4,315,6,relation
Álvaro_Rudolphy_8.jpg,5,2,315,6,object
Anneke_van_Giersbergen_3.jpg,5,1,315,2,subject
Anneke_van_Giersbergen_3.jpg,5,9,315,12,relation
Anneke_van_Giersbergen_3.jpg,5,13,315,15,object
Adie_Moses_3.jpg,5,0,315,1,subject
Adie_Moses_3.jpg,5,2,315,3,relation
Adie_Moses_3.jpg,5,3,315,4,object
Atsimo-Atsinanana_2.jpg,5,0,315,2,subject
Atsimo-Atsinanana_2.jpg,5,2,315,3,relation
Atsimo-Atsinanana_2.jpg,5,3,315,4,object
A_Prize_of_Arms_1.jpg,5,1,315,2,subject
A_Prize_of_Arms_1.jpg,5,15,315,19,relation
A_Prize_of_Arms_1.jpg,5,27,315,33,object
Alex_Haley_5.jpg,5,6,315,8,subject
Alex_Haley_5.jpg,5,12,315,13,relation
Alex_Haley_5.jpg,5,8,315,12,object
Alan_Chorlton_8.jpg,5,0,315,1,subject
Alan_Chorlton_8.jpg,5,16,315,17,relation
Alan_Chorlton_8.jpg,5,17,315,18,object
All_You_Need_Is_Love_5.jpg,5,23,315,26,subject
All_You_Need_Is_Love_5.jpg,5,13,315,14,relation
All_You_Need_Is_Love_5.jpg,5,15,315,17,object
Alizée_8.jpg,5,0,315,1,subject
Alizée_8.jpg,5,1,315,2,relation
Alizée_8.jpg,5,3,315,5,object
András_Kuttik_2.jpg,5,0,315,1,subject
András_Kuttik_2.jpg,5,1,315,4,relation
András_Kuttik_2.jpg,5,4,315,9,object
Adriatic_railway_4.jpg,5,2,315,3,subject
Adriatic_railway_4.jpg,5,6,315,10,relation
Adriatic_railway_4.jpg,5,10,315,14,object
A_Dreamers_Christmas_3.jpg,5,0,315,1,subject
A_Dreamers_Christmas_3.jpg,5,1,315,2,relation
A_Dreamers_Christmas_3.jpg,5,2,315,7,object
Alih_Jey_15.jpg,5,5,315,7,subject
Alih_Jey_15.jpg,5,1,315,2,relation
Alih_Jey_15.jpg,5,7,315,8,object
Aleílson_Sousa_Rabelo_1.jpg,5,2,315,3,subject
Aleílson_Sousa_Rabelo_1.jpg,5,7,315,8,relation
Aleílson_Sousa_Rabelo_1.jpg,5,9,315,10,object
Around_the_Beatles_1.jpg,5,2,315,3,subject
Around_the_Beatles_1.jpg,5,8,315,9,relation
Around_the_Beatles_1.jpg,5,2,315,7,object
An_Open_Letter_to_NYC_1.jpg,5,1,315,3,subject
An_Open_Letter_to_NYC_1.jpg,5,5,315,6,relation
An_Open_Letter_to_NYC_1.jpg,5,7,315,8,object
A_Skylit_Drive_1.jpg,5,1,315,3,subject
A_Skylit_Drive_1.jpg,5,3,315,6,relation
A_Skylit_Drive_1.jpg,5,10,315,11,object
Alizée_7.jpg,5,23,315,24,subject
Alizée_7.jpg,5,7,315,9,relation
Alizée_7.jpg,5,25,315,29,object
Asiatic-Pacific_Campaign_Medal_1.jpg,5,1,315,4,subject
Asiatic-Pacific_Campaign_Medal_1.jpg,5,4,315,5,relation
Asiatic-Pacific_Campaign_Medal_1.jpg,5,6,315,10,object
Abraham_Sofaer_14.jpg,5,0,315,1,subject
Abraham_Sofaer_14.jpg,5,1,315,2,relation
Abraham_Sofaer_14.jpg,5,1,315,10,object
American_bullfrog_3.jpg,5,2,315,3,subject
American_bullfrog_3.jpg,5,3,315,4,relation
American_bullfrog_3.jpg,5,5,315,7,object
Algerian_War_1.jpg,5,1,315,3,subject
Algerian_War_1.jpg,5,28,315,31,relation
Algerian_War_1.jpg,5,32,315,33,object
Air_Mobility_Command_1.jpg,5,11,315,14,subject
Air_Mobility_Command_1.jpg,5,9,315,12,relation
Air_Mobility_Command_1.jpg,5,8,315,9,object
A_Fazenda_1.jpg,5,1,315,4,subject
A_Fazenda_1.jpg,5,7,315,8,relation
A_Fazenda_1.jpg,5,12,315,16,object
A_Skylit_Drive_2.jpg,5,1,315,2,subject
A_Skylit_Drive_2.jpg,5,2,315,4,relation
A_Skylit_Drive_2.jpg,5,4,315,6,object
Audubon_Pennsylvania_1.jpg,5,0,315,1,subject
Audubon_Pennsylvania_1.jpg,5,1,315,5,relation
Audubon_Pennsylvania_1.jpg,5,10,315,12,object
Au_Bonheur_des_Dames_7.jpg,5,3,315,7,subject
Au_Bonheur_des_Dames_7.jpg,5,7,315,9,relation
Au_Bonheur_des_Dames_7.jpg,5,9,315,11,object
A_Prize_of_Arms_2.jpg,5,4,315,5,subject
A_Prize_of_Arms_2.jpg,5,0,315,2,relation
A_Prize_of_Arms_2.jpg,5,2,315,3,object
Alma_indomable_2.jpg,5,0,315,1,subject
Alma_indomable_2.jpg,5,1,315,2,relation
Alma_indomable_2.jpg,5,3,315,4,object
Andrew_Kosove_1.jpg,5,2,315,3,subject
Andrew_Kosove_1.jpg,5,3,315,4,relation
Andrew_Kosove_1.jpg,5,5,315,6,object
Audax_Italiano_1.jpg,5,10,315,13,subject
Audax_Italiano_1.jpg,5,13,315,15,relation
Audax_Italiano_1.jpg,5,15,315,17,object
Ashley_Tisdale_9.jpg,5,16,315,21,subject
Ashley_Tisdale_9.jpg,5,7,315,10,relation
Ashley_Tisdale_9.jpg,5,10,315,15,object
Auckland_Airport_2.jpg,5,1,315,2,subject
Auckland_Airport_2.jpg,5,2,315,5,relation
Auckland_Airport_2.jpg,5,5,315,6,object
Alfred_Gies_11.jpg,5,5,315,6,subject
Alfred_Gies_11.jpg,5,6,315,8,relation
Alfred_Gies_11.jpg,5,9,315,12,object
Alexander_Löhr_5.jpg,5,0,315,1,subject
Alexander_Löhr_5.jpg,5,1,315,3,relation
Alexander_Löhr_5.jpg,5,3,315,6,object
A_Series_of_Unfortunate_Events_10.jpg,5,1,315,4,subject
A_Series_of_Unfortunate_Events_10.jpg,5,22,315,24,relation
A_Series_of_Unfortunate_Events_10.jpg,5,6,315,7,object
Alfred_Gies_4.jpg,5,1,315,2,subject
Alfred_Gies_4.jpg,5,2,315,5,relation
Alfred_Gies_4.jpg,5,6,315,9,object
Anthony_Ian_Berkeley_1.jpg,5,2,315,3,subject
Anthony_Ian_Berkeley_1.jpg,5,14,315,15,relation
Anthony_Ian_Berkeley_1.jpg,5,17,315,18,object
Any_Trouble_1.jpg,5,1,315,2,subject
Any_Trouble_1.jpg,5,7,315,9,relation
Any_Trouble_1.jpg,5,10,315,11,object
Australian_Chamber_of_Commerce_and_Industry_1.jpg,5,2,315,3,subject
Australian_Chamber_of_Commerce_and_Industry_1.jpg,5,9,315,10,relation
Australian_Chamber_of_Commerce_and_Industry_1.jpg,5,1,315,6,object
Asterix_Conquers_America_2.jpg,5,0,315,1,subject
Asterix_Conquers_America_2.jpg,5,13,315,14,relation
Asterix_Conquers_America_2.jpg,5,15,315,19,object
All_You_Need_Is_Love_1.jpg,5,0,315,1,subject
All_You_Need_Is_Love_1.jpg,5,3,315,4,relation
All_You_Need_Is_Love_1.jpg,5,4,315,5,object
A_Series_of_Unfortunate_Events_4.jpg,5,8,315,9,subject
A_Series_of_Unfortunate_Events_4.jpg,5,2,315,3,relation
A_Series_of_Unfortunate_Events_4.jpg,5,10,315,11,object
Alexander_Stubb_11.jpg,5,4,315,5,subject
Alexander_Stubb_11.jpg,5,5,315,8,relation
Alexander_Stubb_11.jpg,5,1,315,3,object
Armenian_Democratic_Liberal_Party_6.jpg,5,2,315,3,subject
Armenian_Democratic_Liberal_Party_6.jpg,5,6,315,8,relation
Armenian_Democratic_Liberal_Party_6.jpg,5,15,315,19,object
Alan_Chorlton_4.jpg,5,5,315,6,subject
Alan_Chorlton_4.jpg,5,13,315,14,relation
Alan_Chorlton_4.jpg,5,15,315,17,object
Alizée_12.jpg,5,25,315,26,subject
Alizée_12.jpg,5,26,315,27,relation
Alizée_12.jpg,5,6,315,12,object
Alireza_Samimi_1.jpg,5,1,315,2,subject
Alireza_Samimi_1.jpg,5,11,315,12,relation
Alireza_Samimi_1.jpg,5,13,315,14,object
Air_show_4.jpg,5,1,315,4,subject
Air_show_4.jpg,5,7,315,9,relation
Air_show_4.jpg,5,6,315,7,object
Anonymity_14.jpg,5,3,315,4,subject
Anonymity_14.jpg,5,6,315,7,relation
Anonymity_14.jpg,5,12,315,18,object
Aleksandr_Nikolayevich_Kryuchkov_2.jpg,5,0,315,1,subject
Aleksandr_Nikolayevich_Kryuchkov_2.jpg,5,1,315,3,relation
Aleksandr_Nikolayevich_Kryuchkov_2.jpg,5,3,315,6,object
